Feature,Coefficient
no_of_trainings,-0.7340658361144249
avg_training_score,0.0273953415577504
length_of_service,-0.022323286900838214
designation,0.017480064668088168
